1,1,"2020/07/25 13:44:18",マッチング,3,"<p>1: <strong>名前 : Jin</strong><br>投稿日時 : <time>2020/07/25 13:44:18</time><br>Jinさんがスレッドを建てました。</p><hr color='#0bd'><p>2: <strong>名前 : Jin</strong><br>投稿日時 : <time>2020/07/25 13:44:42</time><br>こんにちは。<br>はじめまして。</p><hr color='#0bd'><p>3: <strong>名前 : Jin</strong><br>投稿日時 : <time>2020/07/25 13:44:59</time><br>こんにちは、<br>はじめまして。</p><hr color='#0bd'>"
2,1,"2020/07/25 14:09:10",テスト,2,"<p>1: <strong>名前 : Jin</strong><br>投稿日時 : <time>2020/07/25 14:09:10</time><br>Jinさんがスレッドを建てました。</p><hr color='#0bd'><p>2: <strong>名前 : Jin</strong><br>投稿日時 : <time>2020/07/25 14:09:28</time><br>語るスレ</p><hr color='#0bd'>"
3,1,2020/08/2 11:34:55,暇な人,1,<p>1: <strong>名前 : Jin</strong><br>投稿日時 : <time>2020/08/2 11:34:55</time><br>Jinさんがスレッドを建てました。</p><hr color='#0bd'>
4,1,2020/08/2 11:37:40,お試し,1,<p>1: <strong>名前 : Jin</strong><br>投稿日時 : <time>2020/08/2 11:37:40</time><br>Jinさんがスレッドを建てました。</p><hr color='#0bd'>
5,1,2020/08/2 11:43:41,色変え,1,<p>1: <strong>名前 : Jin</strong><br>投稿日時 : <time>2020/08/2 11:43:41</time><br>Jinさんがスレッドを建てました。</p><hr color='#0bd'>
6,1,2020/08/11 22:50:38,編集,1,<p>1: <strong>名前 : Jin</strong><br>投稿日時 : <time>2020/08/11 22:50:38</time><br>Jinさんがスレッドを建てました。</p><hr color='#0bd'>
7,1,2020/08/11 22:52:46,編集,1,<p>1: <strong>名前 : Jin</strong><br>投稿日時 : <time>2020/08/11 22:52:46</time><br>Jinさんがスレッドを建てました。</p><hr color='#0bd'>
8,1,2020/08/11 22:59:31,編集,1,<p>1: <strong>名前 : Jin</strong><br>投稿日時 : <time>2020/08/11 22:59:31</time><br>Jinさんがスレッドを建てました。</p><hr color='#0bd'>
9,1,2020/08/11 23:00:26,編集,1,<p>1: <strong>名前 : Jin</strong><br>投稿日時 : <time>2020/08/11 23:00:26</time><br>Jinさんがスレッドを建てました。</p><hr color='#0bd'>
10,1,2020/08/11 23:01:10,編集,1,<p>1: <strong>名前 : Jin</strong><br>投稿日時 : <time>2020/08/11 23:01:10</time><br>Jinさんがスレッドを建てました。</p><hr color='#0bd'>
11,1,2020/08/11 23:02:53,編集,1,<p>1: <strong>名前 : Jin</strong><br>投稿日時 : <time>2020/08/11 23:02:53</time><br>Jinさんがスレッドを建てました。</p><hr color='#0bd'>
12,1,2020/08/11 23:03:38,編集,1,<p>1: <strong>名前 : Jin</strong><br>投稿日時 : <time>2020/08/11 23:03:38</time><br>Jinさんがスレッドを建てました。</p><hr color='#0bd'>
13,1,2020/08/11 23:04:03,編集,1,<p>1: <strong>名前 : Jin</strong><br>投稿日時 : <time>2020/08/11 23:04:03</time><br>Jinさんがスレッドを建てました。</p><hr color='#0bd'>
